{
  "setting": {
    "compileHotReLoad": true
  },
  "condition": {
    "miniprogram": {
      "list": [
        {
          "name": "db guide",
          "pathName": "pages/databaseGuide/databaseGuide",
          "query": ""
        },
        {
          "name": "pages/getOpenId/index",
          "pathName": "pages/getOpenId/index",
          "query": "",
          "scene": null
        },
        {
          "name": "pages/deployService/index",
          "pathName": "pages/deployService/index",
          "query": "",
          "scene": null
        },
        {
          "name": "pages/selectRecord/index",
          "pathName": "pages/selectRecord/index",
          "query": "",
          "scene": null
        },
        {
          "name": "pages/sumRecordResult/index",
          "pathName": "pages/sumRecordResult/index",
          "query": "",
          "scene": null
        },
        {
          "name": "pages/updateRecord/index",
          "pathName": "pages/updateRecord/index",
          "query": "",
          "scene": null
        },
        {
          "name": "pages/updateRecordResult/index",
          "pathName": "pages/updateRecordResult/index",
          "query": "",
          "scene": null
        },
        {
          "name": "pages/updateRecordSuccess/index",
          "pathName": "pages/updateRecordSuccess/index",
          "query": "",
          "scene": null
        },
        {
          "name": "personal",
          "pathName": "pages/personal/personal",
          "query": "",
          "launchMode": "default",
          "scene": null
        },
        {
          "name": "signup",
          "pathName": "pages/signup/signup",
          "query": "",
          "launchMode": "default",
          "scene": null
        },
        {
          "name": "updatepassword",
          "pathName": "pages/updatepassword/updatepassword",
          "query": "",
          "launchMode": "default",
          "scene": null
        },
        {
          "name": "email",
          "pathName": "pages/email/email",
          "query": "",
          "launchMode": "default",
          "scene": null
        },
        {
          "name": "birthday",
          "pathName": "pages/birthday/birthday",
          "query": "",
          "launchMode": "default",
          "scene": null
        },
        {
          "name": "login",
          "pathName": "pages/login/login",
          "query": "",
          "launchMode": "default",
          "scene": null
        },
        {
          "name": "home",
          "pathName": "pages/home/home",
          "query": "",
          "launchMode": "default",
          "scene": null
        },
        {
          "name": "forget",
          "pathName": "pages/forget/forget",
          "query": "",
          "launchMode": "default",
          "scene": null
        },
        {
          "name": "",
          "pathName": "pages/sleepheath/sleepheath",
          "query": "",
          "launchMode": "default",
          "scene": null
        },
        {
          "name": "",
          "pathName": "pages/heartrate/heartrate",
          "query": "",
          "launchMode": "default",
          "scene": null
        },
        {
          "name": "sleephealth",
          "pathName": "pages/sleepheath/sleepheath",
          "query": "",
          "launchMode": "default",
          "scene": null
        },
        {
          "name": "sleeptime",
          "pathName": "pages/sleeptime/sleeptime",
          "query": "",
          "launchMode": "default",
          "scene": null
        },
        {
          "name": "",
          "pathName": "pages/sleeptime/sleeptime",
          "query": "",
          "launchMode": "default",
          "scene": null
        }
      ]
    }
  },
  "description": "项目私有配置文件。此文件中的内容将覆盖 project.config.json 中的相同字段。项目的改动优先同步到此文件中。详见文档：https://developers.weixin.qq.com/miniprogram/dev/devtools/projectconfig.html",
  "projectname": "ui"
}